avg_generation_seconds,avg_index_seconds,avg_parse_seconds,avg_retrieval_seconds,avg_total_seconds,dataset,error_count,error_type_counts,generator_backends,num_predictions,p95_total_seconds,route,route_timeout_count,text_retrievers,visual_backend_types,visual_retrievers
1.8737,0.0219,0.0,0.0,1.8956,alce_asqa,0,,Qwen/Qwen3-8B:200,200,2.8128,controller_auto,0,BAAI/bge-m3:200,,
1.981,0.023,0.0,0.0,2.0041,alce_asqa,0,,Qwen/Qwen3-8B:200,200,2.9634,crag_guarded,0,BAAI/bge-m3:200,,
2.0328,0.0219,0.0,0.0,2.0547,alce_asqa,0,,Qwen/Qwen3-8B:200,200,3.1614,text_rag,0,BAAI/bge-m3:200,,
3.4993,0.0896,0.0,0.0,3.5889,financebench,0,,Qwen/Qwen3-8B:150,150,11.4978,controller_auto,0,BAAI/bge-m3:150,,
3.3956,0.0882,0.0,0.0,3.4838,financebench,0,,Qwen/Qwen3-8B:150,150,11.589,crag_guarded,0,BAAI/bge-m3:150,,
1.1731,0.0,0.0,0.0,1.1731,financebench,0,,Qwen/Qwen3-8B:150,150,0.8737,direct_answer,0,hybrid:150,,
2.4725,12.9365,0.0,0.0,15.4089,financebench,0,,Qwen/Qwen3-8B:150,150,29.0451,text_rag,0,BAAI/bge-m3:150,,
12.3023,10.0686,0.0,0.0,22.3708,mmdocrag,0,,Qwen/Qwen3-8B:120,120,101.5425,controller_auto,0,BAAI/bge-m3:120,,colqwen:120
0.1507,9.9001,0.0,0.0,10.0508,mmdocrag,0,,Qwen/Qwen3-8B:120,120,34.0738,element_rag,0,docqa_element_metadata:120,,
22.3758,9.9658,0.0,0.0,32.3416,mmdocrag,0,,Qwen/Qwen3-8B:120,120,76.616,hybrid_rag,0,BAAI/bge-m3:120,,colqwen:120
18.7886,10.7706,0.0,0.0,29.5592,mmdocrag,0,,local_qwen3_vl:120,120,70.6267,page_image_rag_vlm,0,hybrid:120,,colqwen:120
4.3472,9.9814,0.0,0.0,14.3286,mmdocrag,0,,Qwen/Qwen3-8B:120,120,38.4789,text_rag,0,BAAI/bge-m3:120,,
1.3844,0.0203,0.0,0.0,1.4047,qasper,0,,Qwen/Qwen3-8B:200,200,2.4907,controller_auto,0,BAAI/bge-m3:200,,
1.4208,0.0189,0.0,0.0,1.4397,qasper,0,,Qwen/Qwen3-8B:200,200,2.553,crag_guarded,0,BAAI/bge-m3:200,,
1.6821,0.0194,0.0,0.0,1.7016,qasper,0,,Qwen/Qwen3-8B:200,200,2.9177,text_rag,0,BAAI/bge-m3:200,,
0.8578,0.0191,0.0,0.0,0.8769,ragtruth,3,execution_error:3,Qwen/Qwen3-8B:300,300,3.1637,controller_auto,0,BAAI/bge-m3:300,,
0.8625,0.0189,0.0,0.0,0.8815,ragtruth,3,execution_error:3,Qwen/Qwen3-8B:300,300,3.179,crag_guarded,0,BAAI/bge-m3:300,,
2.9199,0.0221,0.0,0.0,2.9419,ragtruth,5,execution_error:5,Qwen/Qwen3-8B:300,300,5.06,text_rag,0,BAAI/bge-m3:300,,
4.6081,0.0,0.0,0.0,4.6081,slidevqa,0,,Qwen/Qwen3-8B:120,120,5.0118,controller_auto,0,BAAI/bge-m3:120,,colqwen:120
2.5481,0.0,0.0,0.0,2.5481,slidevqa,0,,local_qwen3_vl:120,120,2.8644,page_image_rag_vlm,0,hybrid:120,,colqwen:120
