artifact_dirs,avg_citation_inline_recall,avg_citation_metadata_recall,avg_element_hit,avg_em,avg_f1,avg_generation_seconds,avg_mara_score,avg_native_score,avg_numeric_match,avg_page_hit,avg_total_seconds,avg_unsupported_claim_rate,dataset,empty_answer_for_scoring_count,false_abstention_rate,num_errors,num_predictions,route,route_switch_rate,route_timeout_count
"[""<BENCHMARK_RUN_ROOT>/01_core_text/20260705_184737_stat-alce-asqa-all-n50-shard00of4-9654018"",""<BENCHMARK_RUN_ROOT>/01_core_text/20260705_185524_stat-alce-asqa-all-n50-shard01of4-9654019"",""<BENCHMARK_RUN_ROOT>/01_core_text/20260705_190450_stat-alce-asqa-all-n50-shard02of4-9654020"",""<BENCHMARK_RUN_ROOT>/01_core_text/20260705_191334_stat-alce-asqa-all-n50-shard03of4-9654021""]",0.955,0.955,,0.13,0.2574,1.8737,0.7707,0.7707,0.135,,1.8956,0.0,alce_asqa,0,0.0,0,200,controller_auto,0.0,0
"[""<BENCHMARK_RUN_ROOT>/01_core_text/20260705_184737_stat-alce-asqa-all-n50-shard00of4-9654018"",""<BENCHMARK_RUN_ROOT>/01_core_text/20260705_185524_stat-alce-asqa-all-n50-shard01of4-9654019"",""<BENCHMARK_RUN_ROOT>/01_core_text/20260705_190450_stat-alce-asqa-all-n50-shard02of4-9654020"",""<BENCHMARK_RUN_ROOT>/01_core_text/20260705_191334_stat-alce-asqa-all-n50-shard03of4-9654021""]",0.955,0.955,,0.075,0.1516,1.981,0.632,0.632,0.05,,2.0041,0.46,alce_asqa,0,0.46,0,200,crag_guarded,0.0,0
"[""<BENCHMARK_RUN_ROOT>/01_core_text/20260705_184737_stat-alce-asqa-all-n50-shard00of4-9654018"",""<BENCHMARK_RUN_ROOT>/01_core_text/20260705_185524_stat-alce-asqa-all-n50-shard01of4-9654019"",""<BENCHMARK_RUN_ROOT>/01_core_text/20260705_190450_stat-alce-asqa-all-n50-shard02of4-9654020"",""<BENCHMARK_RUN_ROOT>/01_core_text/20260705_191334_stat-alce-asqa-all-n50-shard03of4-9654021""]",0.955,0.955,,0.145,0.2668,2.0328,0.7714,0.7714,0.135,,2.0547,0.0,alce_asqa,0,0.0,0,200,text_rag,0.0,0
"[""<BENCHMARK_RUN_ROOT>/01_core_text/20260705_151128_stat-financebench-all-n50-shard01of3-9654006"",""<BENCHMARK_RUN_ROOT>/01_core_text/20260705_151132_stat-financebench-all-n50-shard02of3-9654007"",""<BENCHMARK_RUN_ROOT>/01_core_text/20260705_151401_stat-financebench-all-n50-shard00of3-9654005""]",0.1822,0.51,,0.0067,0.151,3.4993,0.0867,0.0867,0.0867,0.6,3.5889,0.1533,financebench,0,0.0267,0,150,controller_auto,0.0267,0
"[""<BENCHMARK_RUN_ROOT>/01_core_text/20260705_151128_stat-financebench-all-n50-shard01of3-9654006"",""<BENCHMARK_RUN_ROOT>/01_core_text/20260705_151132_stat-financebench-all-n50-shard02of3-9654007"",""<BENCHMARK_RUN_ROOT>/01_core_text/20260705_151401_stat-financebench-all-n50-shard00of3-9654005""]",0.1822,0.51,,0.0067,0.1533,3.3956,0.0867,0.0867,0.0867,0.6,3.4838,0.14,financebench,0,0.0267,0,150,crag_guarded,0.0267,0
"[""<BENCHMARK_RUN_ROOT>/01_core_text/20260705_151128_stat-financebench-all-n50-shard01of3-9654006"",""<BENCHMARK_RUN_ROOT>/01_core_text/20260705_151132_stat-financebench-all-n50-shard02of3-9654007"",""<BENCHMARK_RUN_ROOT>/01_core_text/20260705_151401_stat-financebench-all-n50-shard00of3-9654005""]",0.0,0.0,,0.0133,0.1734,1.1731,0.0267,0.0267,0.02,0.0,1.1731,0.0,financebench,0,0.0,0,150,direct_answer,0.0,0
"[""<BENCHMARK_RUN_ROOT>/01_core_text/20260705_151128_stat-financebench-all-n50-shard01of3-9654006"",""<BENCHMARK_RUN_ROOT>/01_core_text/20260705_151132_stat-financebench-all-n50-shard02of3-9654007"",""<BENCHMARK_RUN_ROOT>/01_core_text/20260705_151401_stat-financebench-all-n50-shard00of3-9654005""]",0.1367,0.4856,,0.0067,0.1483,2.4725,0.0867,0.0867,0.0867,0.6,15.4089,0.1467,financebench,0,0.0733,0,150,text_rag,0.0,0
"[""<BENCHMARK_RUN_ROOT>/05_page_image_vlm/20260705_210406_stat-mmdocrag-controller-auto-n30-shard01of4-repair-t360"",""<BENCHMARK_RUN_ROOT>/05_page_image_vlm/20260705_210531_stat-mmdocrag-controller-auto-n30-shard00of4-repair-t360"",""<BENCHMARK_RUN_ROOT>/05_page_image_vlm/20260705_211029_stat-mmdocrag-controller-auto-n30-shard02of4-repair-t360"",""<BENCHMARK_RUN_ROOT>/05_page_image_vlm/20260705_212147_stat-mmdocrag-controller-auto-n30-shard03of4-repair-t360""]",0.2512,0.6799,0.0,0.0083,0.346,12.3023,0.346,0.346,0.1917,0.825,22.3708,0.0,mmdocrag,0,0.0,0,120,controller_auto,0.05,0
"[""<BENCHMARK_RUN_ROOT>/05_page_image_vlm/20260705_195227_stat-mmdocrag-element-rag-n30-shard01of4"",""<BENCHMARK_RUN_ROOT>/05_page_image_vlm/20260705_195232_stat-mmdocrag-element-rag-n30-shard00of4"",""<BENCHMARK_RUN_ROOT>/05_page_image_vlm/20260705_195759_stat-mmdocrag-element-rag-n30-shard02of4"",""<BENCHMARK_RUN_ROOT>/05_page_image_vlm/20260705_200423_stat-mmdocrag-element-rag-n30-shard03of4""]",0.0285,0.0326,0.0,0.0,0.0557,0.1507,0.0557,0.0557,0.025,0.0583,10.0508,0.0,mmdocrag,0,0.7667,0,120,element_rag,0.0,0
"[""<BENCHMARK_RUN_ROOT>/05_page_image_vlm/20260705_223212_stat-mmdocrag-hybrid-rag-n30-shard01of4"",""<BENCHMARK_RUN_ROOT>/05_page_image_vlm/20260705_223258_stat-mmdocrag-hybrid-rag-n30-shard02of4"",""<BENCHMARK_RUN_ROOT>/05_page_image_vlm/20260705_223307_stat-mmdocrag-hybrid-rag-n30-shard00of4"",""<BENCHMARK_RUN_ROOT>/05_page_image_vlm/20260705_225619_stat-mmdocrag-hybrid-rag-n30-shard03of4""]",0.1344,0.3077,0.0,0.0,0.3399,22.3758,0.3399,0.3399,0.1583,0.5833,32.3416,0.0,mmdocrag,0,0.0,0,120,hybrid_rag,0.0,0
"[""<BENCHMARK_RUN_ROOT>/05_page_image_vlm/20260705_214340_stat-mmdocrag-page-image-rag-vlm-n30-shard01of4"",""<BENCHMARK_RUN_ROOT>/05_page_image_vlm/20260705_214457_stat-mmdocrag-page-image-rag-vlm-n30-shard02of4"",""<BENCHMARK_RUN_ROOT>/05_page_image_vlm/20260705_214541_stat-mmdocrag-page-image-rag-vlm-n30-shard00of4"",""<BENCHMARK_RUN_ROOT>/05_page_image_vlm/20260705_220611_stat-mmdocrag-page-image-rag-vlm-n30-shard03of4""]",0.2553,0.4841,0.0,0.0,0.1638,18.7886,0.1638,0.1638,0.0917,0.5667,29.5592,0.0,mmdocrag,0,0.0,0,120,page_image_rag_vlm,0.0,0
"[""<BENCHMARK_RUN_ROOT>/05_page_image_vlm/20260705_192827_stat-mmdocrag-text-rag-n30-shard00of4"",""<BENCHMARK_RUN_ROOT>/05_page_image_vlm/20260705_193049_stat-mmdocrag-text-rag-n30-shard03of4"",""<BENCHMARK_RUN_ROOT>/05_page_image_vlm/20260705_193753_stat-mmdocrag-text-rag-n30-shard01of4"",""<BENCHMARK_RUN_ROOT>/05_page_image_vlm/20260705_194547_stat-mmdocrag-text-rag-n30-shard02of4-repair2-missingpdfs""]",0.2403,0.6862,0.0,0.0,0.3544,4.3472,0.3544,0.3544,0.1917,0.8167,14.3286,0.0,mmdocrag,0,0.0583,0,120,text_rag,0.0,0
"[""<BENCHMARK_RUN_ROOT>/01_core_text/20260705_152128_stat-qasper-all-n50-shard02of4-9654010"",""<BENCHMARK_RUN_ROOT>/01_core_text/20260705_152138_stat-qasper-all-n50-shard01of4-9654009"",""<BENCHMARK_RUN_ROOT>/01_core_text/20260705_152224_stat-qasper-all-n50-shard00of4-9654008"",""<BENCHMARK_RUN_ROOT>/01_core_text/20260705_165312_stat-qasper-all-n50-shard03of4-9654011""]",0.8965,0.8965,,0.005,0.2143,1.3844,0.2143,0.2143,0.105,,1.4047,0.0,qasper,0,0.0,0,200,controller_auto,0.0,0
"[""<BENCHMARK_RUN_ROOT>/01_core_text/20260705_152128_stat-qasper-all-n50-shard02of4-9654010"",""<BENCHMARK_RUN_ROOT>/01_core_text/20260705_152138_stat-qasper-all-n50-shard01of4-9654009"",""<BENCHMARK_RUN_ROOT>/01_core_text/20260705_152224_stat-qasper-all-n50-shard00of4-9654008"",""<BENCHMARK_RUN_ROOT>/01_core_text/20260705_165312_stat-qasper-all-n50-shard03of4-9654011""]",0.8965,0.8965,,0.005,0.2006,1.4208,0.2006,0.2006,0.095,,1.4397,0.06,qasper,0,0.06,0,200,crag_guarded,0.0,0
"[""<BENCHMARK_RUN_ROOT>/01_core_text/20260705_152128_stat-qasper-all-n50-shard02of4-9654010"",""<BENCHMARK_RUN_ROOT>/01_core_text/20260705_152138_stat-qasper-all-n50-shard01of4-9654009"",""<BENCHMARK_RUN_ROOT>/01_core_text/20260705_152224_stat-qasper-all-n50-shard00of4-9654008"",""<BENCHMARK_RUN_ROOT>/01_core_text/20260705_165312_stat-qasper-all-n50-shard03of4-9654011""]",0.9091,0.9091,,0.005,0.2144,1.6821,0.2144,0.2144,0.105,,1.7016,0.0,qasper,0,0.015,0,200,text_rag,0.0,0
"[""<BENCHMARK_RUN_ROOT>/01_core_text/20260705_165347_stat-ragtruth-all-n50-shard00of6-9654012"",""<BENCHMARK_RUN_ROOT>/01_core_text/20260705_165939_stat-ragtruth-all-n50-shard01of6-9654013"",""<BENCHMARK_RUN_ROOT>/01_core_text/20260705_181354_stat-ragtruth-all-n50-shard02of6-9654014"",""<BENCHMARK_RUN_ROOT>/01_core_text/20260705_182110_stat-ragtruth-all-n50-shard03of6-9654015"",""<BENCHMARK_RUN_ROOT>/01_core_text/20260705_183014_stat-ragtruth-all-n50-shard04of6-9654016"",""<BENCHMARK_RUN_ROOT>/01_core_text/20260705_183652_stat-ragtruth-all-n50-shard05of6-9654017""]",0.99,0.5567,,0.0,0.2168,0.8578,0.54,0.54,0.2,,0.8769,0.0,ragtruth,3,0.0,3,300,controller_auto,0.0,0
"[""<BENCHMARK_RUN_ROOT>/01_core_text/20260705_165347_stat-ragtruth-all-n50-shard00of6-9654012"",""<BENCHMARK_RUN_ROOT>/01_core_text/20260705_165939_stat-ragtruth-all-n50-shard01of6-9654013"",""<BENCHMARK_RUN_ROOT>/01_core_text/20260705_181354_stat-ragtruth-all-n50-shard02of6-9654014"",""<BENCHMARK_RUN_ROOT>/01_core_text/20260705_182110_stat-ragtruth-all-n50-shard03of6-9654015"",""<BENCHMARK_RUN_ROOT>/01_core_text/20260705_183014_stat-ragtruth-all-n50-shard04of6-9654016"",""<BENCHMARK_RUN_ROOT>/01_core_text/20260705_183652_stat-ragtruth-all-n50-shard05of6-9654017""]",0.99,0.5567,,0.0,0.2145,0.8625,0.54,0.54,0.2,,0.8815,0.01,ragtruth,3,0.01,3,300,crag_guarded,0.0,0
"[""<BENCHMARK_RUN_ROOT>/01_core_text/20260705_165347_stat-ragtruth-all-n50-shard00of6-9654012"",""<BENCHMARK_RUN_ROOT>/01_core_text/20260705_165939_stat-ragtruth-all-n50-shard01of6-9654013"",""<BENCHMARK_RUN_ROOT>/01_core_text/20260705_181354_stat-ragtruth-all-n50-shard02of6-9654014"",""<BENCHMARK_RUN_ROOT>/01_core_text/20260705_182110_stat-ragtruth-all-n50-shard03of6-9654015"",""<BENCHMARK_RUN_ROOT>/01_core_text/20260705_183014_stat-ragtruth-all-n50-shard04of6-9654016"",""<BENCHMARK_RUN_ROOT>/01_core_text/20260705_183652_stat-ragtruth-all-n50-shard05of6-9654017""]",0.9833,0.9833,,0.0,0.2306,2.9199,0.54,0.54,0.2733,,2.9419,0.0,ragtruth,5,0.0,5,300,text_rag,0.0,0
"[""<BENCHMARK_RUN_ROOT>/05_page_image_vlm/20260705_144327_stat-slidevqa-all-n30-shard00of4"",""<BENCHMARK_RUN_ROOT>/05_page_image_vlm/20260705_144843_stat-slidevqa-all-n30-shard01of4"",""<BENCHMARK_RUN_ROOT>/05_page_image_vlm/20260705_145444_stat-slidevqa-all-n30-shard02of4"",""<BENCHMARK_RUN_ROOT>/05_page_image_vlm/20260705_150044_stat-slidevqa-all-n30-shard03of4""]",0.7875,1.0,,0.0,0.4325,4.6081,0.4325,0.4325,0.1083,1.0,4.6081,0.0,slidevqa,0,0.0,0,120,controller_auto,0.0,0
"[""<BENCHMARK_RUN_ROOT>/05_page_image_vlm/20260705_144327_stat-slidevqa-all-n30-shard00of4"",""<BENCHMARK_RUN_ROOT>/05_page_image_vlm/20260705_144843_stat-slidevqa-all-n30-shard01of4"",""<BENCHMARK_RUN_ROOT>/05_page_image_vlm/20260705_145444_stat-slidevqa-all-n30-shard02of4"",""<BENCHMARK_RUN_ROOT>/05_page_image_vlm/20260705_150044_stat-slidevqa-all-n30-shard03of4""]",0.7875,1.0,,0.0,0.4325,2.5481,0.4325,0.4325,0.1083,1.0,2.5481,0.0,slidevqa,0,0.0,0,120,page_image_rag_vlm,0.0,0
